	ID	First_name	Last_name	State	Gender	Age	GPA	Days_missed	Graduated
0	3	George	Matthews	Texas		17.0	2.988446726572529	10.0	Yes
1	9	Betty	Miller			17.0	3.0	23.0	No
2	13	Todd	Phillips	Indiana		16.996108949416342	2.0	3.0	Yes
3	25	Anthony	Burke	Texas		16.0	2.0	14.0	No
4	32	Kathleen	Lee	New Jersey		17.0	3.0	13.0	No
5	40	Ruth	Lopez	Ohio		16.0	4.0	18.011138613861387	Yes
6	47	Frank	Ortiz	Florida		16.0	2.988446726572529	8.0	Yes
7	48	Mark	Wheeler	California		16.0	2.0	13.0	No
8	49	Aaron	Reed	Washington		16.996108949416342	2.0	21.0	No
9	54	Stephen	Bailey	Connecticut		19.0	4.0	16.0	Yes
10	68	Patrick	Washington	Virginia		16.996108949416342	2.988446726572529	4.0	Yes
11	70	Lois	Chavez	Minnesota		17.0	4.0	19.0	Yes
12	77	Emily	Frazier	California		16.0	3.0	3.0	Yes
13	80	Melissa	Harper	Kansas		17.0	3.0	27.0	No
14	94	Jack	Williamson	Florida		16.0	4.0	31.0	Yes
15	101	Diana	Evans	Texas		16.996108949416342	3.0	18.011138613861387	Yes
16	102	Juan	Romero	Texas		16.0	3.0	15.0	No
17	123	William	Sanchez			15.0	3.0	28.0	No
18	132	Andrew	Meyer			17.0	2.0	18.011138613861387	Yes
19	135	Bruce	Williamson	Minnesota		17.0	2.988446726572529	18.011138613861387	Yes
20	139	James	Russell	Florida		19.0	2.0	29.0	No
21	153	Evelyn	Watson	New Jersey		18.0	4.0	12.0	Yes
22	156	Juan	Bradley	Kentucky		19.0	2.0	14.0	No
23	157	Anne	Stone	New York		17.0	2.0	15.0	No
24	160	Raymond	James	Florida		15.0	3.0	28.0	No
25	161	Evelyn	Berry			18.0	2.0	25.0	No
26	162	Brandon	Bryant	Delaware		16.996108949416342	2.988446726572529	33.0	Yes
27	163	Maria	Medina	Missouri		15.0	3.0	32.0	No
28	167	Angela	Marshall	Tennessee		18.0	3.0	23.0	No
29	174	Marilyn	Martinez	Florida		17.0	3.0	23.0	No
30	177	Brandon	Carpenter	Florida		15.0	2.988446726572529	18.0	Yes
31	181	John	Bailey	Virginia		17.0	2.988446726572529	31.0	Yes
32	184	Patricia	Welch	Nevada		16.996108949416342	3.0	18.011138613861387	Yes
33	213	Mary	Oliver			18.0	2.988446726572529	16.0	Yes
34	221	Carol	Welch	Texas		19.0	3.0	33.0	No
35	240	Gloria	Brooks	Texas		16.0	4.0	34.0	Yes
36	246	William	Matthews			15.0	2.0	20.0	No
37	247	Victor	Palmer	Idaho		15.0	3.0	18.011138613861387	Yes
38	262	Amanda	Reyes	Texas		17.0	4.0	33.0	Yes
39	268	Donald	Little	Kentucky		16.0	2.0	33.0	No
40	270	Patricia	Hawkins	California		16.0	2.988446726572529	18.011138613861387	Yes
41	280	Melissa	Morales	District of Columbia		19.0	2.988446726572529	30.0	Yes
42	281	Amy	Franklin	Florida		18.0	3.0	32.0	No
43	285	Steve	Montgomery	Texas		15.0	3.0	27.0	No
44	288	Sean	Stephens	California		18.0	2.0	8.0	No
45	292	Joseph	Kelley			16.996108949416342	3.0	18.011138613861387	Yes
46	295	Pamela	Armstrong	Washington		17.0	3.0	11.0	No
47	297	Ernest	Day	Florida		15.0	3.0	17.0	No
48	307	Wayne	Diaz	Virginia		17.0	4.0	7.0	Yes
49	308	Lawrence	Bradley	West Virginia		19.0	4.0	25.0	Yes
50	313	Virginia	Howard	New York		19.0	3.0	15.0	No
51	315	Jacqueline	Gomez			16.0	2.988446726572529	33.0	Yes
52	316	Gloria	Hunter	California		16.996108949416342	2.0	3.0	Yes
53	322	Catherine	Hanson	Virginia		18.0	4.0	29.0	Yes
54	328	Victor	Day	North Carolina		16.0	2.988446726572529	4.0	Yes
55	330	Gary	Medina	Michigan		15.0	3.0	18.011138613861387	Yes
56	332	Doris	Scott			15.0	3.0	34.0	No
57	335	Patricia	Chapman	Ohio		16.996108949416342	2.0	23.0	No
58	339	Jeffrey	Peterson	New Mexico		19.0	2.0	5.0	No
59	344	Deborah	Reynolds	Virginia		18.0	4.0	22.0	Yes
60	352	Nancy	Bryant	New York		18.0	4.0	19.0	Yes
61	360	Bonnie	Morrison			16.996108949416342	3.0	23.0	No
62	365	Richard	Martin			17.0	2.988446726572529	27.0	Yes
63	366	Todd	Hernandez			17.0	2.988446726572529	2.0	Yes
64	367	Mary	Patterson	District of Columbia		17.0	4.0	13.0	Yes
65	368	Ann	Davis	California		16.0	2.0	18.011138613861387	Yes
66	370	Lisa	Stevens	Alabama		16.0	2.988446726572529	2.0	Yes
67	375	Juan	Hernandez	Arizona		16.0	3.0	18.011138613861387	Yes
68	377	Janice	Ellis	New Jersey		18.0	3.0	18.011138613861387	Yes
69	393	Kathleen	Burton	Missouri		17.0	2.988446726572529	18.011138613861387	Yes
70	399	Tammy	Fields	Tennessee		18.0	4.0	29.0	Yes
71	403	Jeffrey	Miller	Oregon		19.0	4.0	29.0	Yes
72	404	Edward	Gray	Texas		18.0	2.0	30.0	No
73	406	Joseph	Mitchell	Colorado		17.0	3.0	8.0	No
74	407	Phyllis	Bradley	Florida		15.0	3.0	21.0	No
75	415	Carl	Mason	Indiana		19.0	2.988446726572529	18.0	Yes
76	416	Richard	Wells	Texas		16.996108949416342	2.0	18.011138613861387	Yes
77	418	Cheryl	Banks	Texas		19.0	2.988446726572529	6.0	Yes
78	424	Marie	Perry			17.0	3.0	13.0	No
79	426	Julia	Bishop	Ohio		19.0	2.988446726572529	30.0	Yes
80	427	Earl	Bradley	South Carolina		19.0	2.0	10.0	No
81	429	James	Olson	Louisiana		15.0	2.0	18.011138613861387	Yes
82	431	Terry	Reynolds	South Carolina		19.0	2.0	33.0	No
83	453	Michelle	Stone	Wisconsin		16.996108949416342	2.0	23.0	No
84	461	Judith	Wright	Florida		18.0	2.988446726572529	18.011138613861387	Yes
85	464	Kimberly	Morgan	Illinois		16.0	2.988446726572529	8.0	Yes
86	465	Patrick	Fields	Indiana		15.0	2.988446726572529	12.0	Yes
87	469	Mary	Bradley	California		19.0	4.0	18.011138613861387	Yes
88	472	Dorothy	Turner	Kentucky		18.0	3.0	14.0	No
89	477	Jeremy	Stephens	California		19.0	3.0	19.0	No
90	486	Andrew	Day	Alabama		16.996108949416342	2.988446726572529	30.0	Yes
91	491	Cheryl	Russell	Nebraska		19.0	3.0	25.0	No
92	492	Martin	Black	Texas		15.0	3.0	11.0	No
93	493	Theresa	Martin	California		16.996108949416342	3.0	16.0	No
94	500	Benjamin	Gibson	California		16.996108949416342	3.0	9.0	No
95	507	Christina	Schmidt	Texas		19.0	2.988446726572529	13.0	Yes
96	509	Jerry	Fox	Illinois		19.0	2.0	14.0	No
97	512	Robert	Gomez	Texas		16.996108949416342	3.0	6.0	No
98	519	Jimmy	Hicks	Minnesota		18.0	3.0	2.0	Yes
99	521	Virginia	Reed	Wisconsin		18.0	2.988446726572529	30.0	Yes
100	522	Doris	Collins	Ohio		19.0	2.988446726572529	26.0	Yes
101	526	Kelly	Franklin			16.0	4.0	34.0	Yes
102	528	Louis	Martin	District of Columbia		18.0	2.988446726572529	16.0	Yes
103	530	Carl	Rodriguez	Arizona		15.0	2.0	20.0	No
104	533	Emily	Hamilton	Ohio		16.0	4.0	25.0	Yes
105	534	Henry	Daniels	Massachusetts		18.0	4.0	16.0	Yes
106	535	Teresa	Grant	Virginia		16.0	3.0	16.0	No
107	538	Henry	Murphy	California		15.0	2.0	26.0	No
108	545	Thomas	Mcdonald	Texas		17.0	4.0	8.0	Yes
109	546	David	Hart	Indiana		17.0	3.0	18.011138613861387	Yes
110	553	Kathleen	Ford	Florida		18.0	4.0	17.0	Yes
111	558	Louise	James	Kentucky		16.0	2.988446726572529	25.0	Yes
112	559	Victor	Robinson	Arizona		19.0	2.0	33.0	No
113	566	Shawn	Torres			19.0	4.0	18.011138613861387	Yes
114	577	Lori	Gordon	Texas		16.996108949416342	2.0	28.0	No
115	580	Kathryn	Brooks	Tennessee		18.0	2.0	9.0	No
116	582	Anna	Pierce	Indiana		17.0	2.988446726572529	18.0	Yes
117	586	Robert	Patterson	Utah		16.0	2.988446726572529	34.0	Yes
118	587	Lisa	Medina	Florida		15.0	2.0	4.0	No
119	598	Janet	Franklin	Florida		16.996108949416342	3.0	18.011138613861387	Yes
120	605	James	Lane	Arizona		15.0	2.988446726572529	30.0	Yes
121	606	Theresa	Simpson	District of Columbia		18.0	2.0	18.011138613861387	Yes
122	608	Carlos	Freeman	California		19.0	3.0	22.0	No
123	612	Karen	Torres	Florida		17.0	4.0	27.0	Yes
124	622	Antonio	Crawford	West Virginia		19.0	2.988446726572529	30.0	Yes
125	632	Rachel	Collins	Texas		19.0	4.0	18.011138613861387	Yes
126	635	Melissa	Cole	Texas		18.0	3.0	25.0	No
127	638	Robin	Grant	Alabama		16.996108949416342	2.0	3.0	Yes
128	641	Arthur	Sanchez	Georgia		16.0	4.0	18.011138613861387	Yes
129	642	Ann	Perkins	New Hampshire		17.0	3.0	9.0	No
130	643	Brandon	King	Michigan		16.996108949416342	2.0	6.0	No
131	645	Sean	Nguyen	Texas		19.0	2.988446726572529	24.0	Yes
132	647	Phillip	Reid			15.0	4.0	11.0	Yes
133	654	Stephen	Simpson	New Jersey		16.0	2.0	3.0	Yes
134	661	Sarah	Crawford	Virginia		19.0	2.988446726572529	34.0	Yes
135	666	Mildred	Ross	West Virginia		18.0	2.988446726572529	24.0	Yes
136	668	John	Richards	Texas		16.996108949416342	4.0	25.0	Yes
137	670	Stephanie	Henry	New York		18.0	2.0	14.0	No
138	672	Terry	Gray	Colorado		16.996108949416342	2.988446726572529	34.0	Yes
139	675	Theresa	Kennedy	Indiana		15.0	2.0	31.0	No
140	676	Jack	Morrison	Alabama		16.996108949416342	2.0	18.011138613861387	Yes
141	681	Mildred	Fernandez	North Carolina		15.0	2.0	21.0	No
142	682	Jean	Sullivan	Arizona		19.0	2.0	9.0	No
143	685	Annie	Kennedy	Nevada		16.996108949416342	4.0	24.0	Yes
144	688	Fred	Gonzalez	Idaho		17.0	4.0	18.011138613861387	Yes
145	689	Beverly	Kelley	Arkansas		18.0	2.0	25.0	No
146	693	Sharon	Romero	North Carolina		17.0	2.988446726572529	25.0	Yes
147	694	Michelle	Foster	California		17.0	3.0	27.0	No
148	696	Henry	King	District of Columbia		16.996108949416342	2.0	18.011138613861387	Yes
149	698	Daniel	Bowman	Kentucky		16.0	4.0	31.0	Yes
150	703	Janice	Matthews	Kentucky		15.0	3.0	34.0	No
151	709	Harry	Williamson	Pennsylvania		19.0	4.0	13.0	Yes
152	713	David	Riley	New York		18.0	2.988446726572529	18.011138613861387	Yes
153	714	Bobby	Anderson	Pennsylvania		16.996108949416342	4.0	17.0	Yes
154	716	Ann	Coleman	Washington		17.0	2.0	18.011138613861387	Yes
155	721	Kimberly	Montgomery			17.0	2.0	20.0	No
156	722	Brandon	Perry	California		16.996108949416342	3.0	15.0	No
157	734	Roger	Snyder	Kansas		18.0	4.0	21.0	Yes
158	739	Robert	Larson	Iowa		18.0	2.988446726572529	3.0	Yes
159	745	Anne	Butler	California		17.0	2.988446726572529	33.0	Yes
160	746	Henry	Peters			19.0	2.0	14.0	No
161	750	Margaret	Black	New York		18.0	4.0	18.011138613861387	Yes
162	751	Kimberly	Day	Florida		19.0	2.0	6.0	No
163	755	Jessica	Elliott	Minnesota		16.996108949416342	4.0	28.0	Yes
164	757	Joe	Howell			15.0	2.0	20.0	No
165	758	Steven	George	Oregon		16.0	2.988446726572529	11.0	Yes
166	766	Brenda	Martin	Texas		16.0	2.988446726572529	18.011138613861387	Yes
167	774	Mildred	Williamson			16.0	2.0	27.0	No
168	775	Jerry	Hart	Tennessee		19.0	2.0	34.0	No
169	778	Donna	Ramirez	Texas		16.0	3.0	6.0	No
170	780	Kimberly	Gordon	Minnesota		15.0	2.988446726572529	18.011138613861387	Yes
171	781	Lois	Hansen	New York		17.0	2.0	12.0	No
172	786	Judith	Alvarez	Michigan		15.0	4.0	15.0	Yes
173	794	Rose	Ward	Texas		19.0	4.0	27.0	Yes
174	797	Kelly	Lopez	Alaska		16.996108949416342	2.988446726572529	3.0	Yes
175	798	Christopher	Butler	Minnesota		17.0	2.0	31.0	No
176	800	Carol	Ward	Indiana		16.0	2.0	33.0	No
177	801	Justin	Clark	California		16.996108949416342	4.0	9.0	Yes
178	803	Clarence	Robinson	Texas		15.0	3.0	18.0	No
179	804	Jack	Peters	Nevada		15.0	3.0	2.0	Yes
180	810	Jeffrey	Berry	Pennsylvania		15.0	2.0	26.0	No
181	817	Phyllis	Edwards	Florida		16.996108949416342	3.0	17.0	No
182	818	Sarah	Lawson			16.0	2.0	20.0	No
183	820	Deborah	Lawson	Florida		16.0	2.0	14.0	No
184	822	Nancy	Oliver	Indiana		15.0	2.0	19.0	No
185	824	Patrick	Ross	Texas		17.0	4.0	26.0	Yes
186	826	Kimberly	Torres			16.996108949416342	3.0	32.0	No
187	842	Tammy	Stone			15.0	3.0	4.0	No
188	843	Cheryl	Harvey			16.996108949416342	4.0	4.0	Yes
189	844	Gloria	Ramos	Kansas		16.0	4.0	23.0	Yes
190	850	Marie	Wood	Michigan		16.996108949416342	2.988446726572529	27.0	Yes
191	852	Gloria	Edwards	California		18.0	4.0	18.011138613861387	Yes
192	860	Douglas	Burke	Illinois		16.0	3.0	8.0	No
193	864	Barbara	Mccoy	New York		19.0	3.0	15.0	No
194	868	Ruby	Long	Minnesota		16.996108949416342	4.0	4.0	Yes
195	878	Adam	Larson	District of Columbia		16.996108949416342	3.0	27.0	No
196	879	Victor	Kelley	California		17.0	3.0	18.011138613861387	Yes
197	881	Aaron	Shaw	Texas		15.0	2.0	5.0	No
198	883	Evelyn	Watson	South Carolina		15.0	2.0	14.0	No
199	885	Betty	Stone	Colorado		17.0	2.0	31.0	No
200	886	Susan	Spencer	Missouri		19.0	4.0	17.0	Yes
201	887	Patricia	Hernandez	Arizona		19.0	4.0	14.0	Yes
202	888	Jesse	Hunter	Pennsylvania		18.0	2.0	16.0	No
203	901	Jennifer	Nguyen	Kansas		16.996108949416342	3.0	6.0	No
204	910	Diane	Austin			16.996108949416342	2.0	22.0	No
205	915	Larry	Smith	Maryland		16.0	3.0	15.0	No
206	917	Beverly	Tucker	Oklahoma		19.0	2.988446726572529	19.0	Yes
207	919	Ralph	Perry	Texas		15.0	4.0	9.0	Yes
208	920	Patricia	Ellis	Florida		16.996108949416342	4.0	31.0	Yes
209	922	Rebecca	Duncan	California		16.996108949416342	3.0	31.0	No
210	923	Angela	Arnold	New Jersey		15.0	4.0	11.0	Yes
211	935	Anna	Stone	Texas		18.0	4.0	17.0	Yes
212	936	Roger	Thompson	Virginia		18.0	2.0	18.011138613861387	Yes
213	945	Todd	Pierce	Missouri		19.0	2.988446726572529	4.0	Yes
214	948	Maria	Marshall	Georgia		18.0	4.0	22.0	Yes
215	957	Justin	Lawrence	Florida		16.996108949416342	3.0	13.0	No
216	968	Teresa	Fisher	North Carolina		16.996108949416342	4.0	18.011138613861387	Yes
217	969	Jean	Gonzales	New York		16.996108949416342	3.0	4.0	No
218	974	Phyllis	Smith			16.996108949416342	4.0	22.0	Yes
219	977	Carl	Bryant	Ohio		17.0	2.0	29.0	No
220	979	Betty	Reid	Delaware		15.0	3.0	3.0	Yes
221	988	Gloria	Ross	Missouri		16.996108949416342	4.0	18.011138613861387	Yes
222	989	Harry	Carr	Nebraska		16.0	2.988446726572529	34.0	Yes
223	990	Anthony	Sanders	District of Columbia		15.0	4.0	2.0	Yes
224	995	Ralph	Lopez	District of Columbia		16.0	4.0	18.011138613861387	Yes
225	998	Jane	Rodriguez	Ohio		17.0	2.988446726572529	20.0	Yes
226	1	Wayne	Boyd	Florida	Male	19.0	2.988446726572529	9.0	Yes
227	2	Ann	Matthews	Pennsylvania	Female	18.0	3.0	18.011138613861387	Yes
228	4	Jerry	Ramos	California	Male	15.0	2.0	28.0	No
229	5	Andrea	Carroll	North Carolina	Female	16.996108949416342	2.0	29.0	No
230	6	Annie	Fisher	Virginia	Female	19.0	2.988446726572529	5.0	Yes
231	7	Stephanie	Barnes	Oklahoma	Female	16.996108949416342	3.0	20.0	No
232	8	Janet	Jenkins	Louisiana	Female	15.0	4.0	20.0	Yes
233	10	Henry	Woods	Colorado	Male	19.0	4.0	14.0	Yes
234	11	Stephanie	Harris		Female	16.996108949416342	2.988446726572529	3.0	Yes
235	12	Samuel	George	Georgia	Male	15.0	3.0	13.0	No
236	14	Nicholas	Rice	Florida	Male	16.996108949416342	2.0	8.0	No
237	15	Jacqueline	Wallace	New York	Female	16.996108949416342	2.0	26.0	No
238	16	Phyllis	Burton	Texas	Female	16.0	3.0	18.0	No
239	17	Sandra	Hudson		Female	16.996108949416342	4.0	20.0	Yes
240	18	Karen	Bell	Mississippi	Female	17.0	3.0	10.0	No
241	19	Lori	Patterson	New York	Female	18.0	2.988446726572529	17.0	Yes
242	20	Ann	Banks	Pennsylvania	Female	15.0	4.0	18.0	Yes
243	21	Sara	Williams		Female	17.0	2.988446726572529	24.0	Yes
244	22	Benjamin	Butler	Connecticut	Male	18.0	2.988446726572529	4.0	Yes
245	23	Lori	Lopez		Female	19.0	3.0	15.0	No
246	24	Ryan	Porter	New York	Male	15.0	2.0	10.0	No
247	26	Katherine	Rodriguez	Arizona	Female	16.0	4.0	3.0	Yes
248	27	Harry	Larson		Male	18.0	3.0	15.0	No
249	28	Joyce	Patterson	Virginia	Female	18.0	4.0	22.0	Yes
250	29	Jonathan	Wells	Indiana	Male	19.0	2.988446726572529	20.0	Yes
251	30	Jesse	Hamilton	New York	Male	19.0	2.0	27.0	No
252	31	Susan	Evans	South Dakota	Female	15.0	2.0	29.0	No
253	33	Steven	Cooper	Arizona	Male	18.0	2.988446726572529	20.0	Yes
254	34	Shawn	Fisher	Indiana	Male	16.996108949416342	2.0	17.0	No
255	35	Arthur	Campbell	Texas	Male	16.996108949416342	2.988446726572529	32.0	Yes
256	36	Harold	Flores	New Mexico	Male	19.0	2.988446726572529	18.011138613861387	Yes
257	37	Bonnie	Parker	California	Female	19.0	2.0	29.0	No
258	38	Doris	Holmes	California	Female	15.0	4.0	20.0	Yes
259	39	Anna	Bradley	Virginia	Female	19.0	4.0	18.011138613861387	Yes
260	41	Wanda	Richards	Texas	Female	16.0	2.988446726572529	7.0	Yes
261	42	Jimmy	Kelly	Louisiana	Male	16.996108949416342	2.988446726572529	10.0	Yes
262	43	Marilyn	Marshall	New York	Female	16.996108949416342	2.988446726572529	18.011138613861387	Yes
263	44	Donna	Jackson	Ohio	Female	19.0	4.0	18.0	Yes
264	45	Judy	Boyd	Louisiana	Female	18.0	2.988446726572529	33.0	Yes
265	46	Irene	Johnson	Utah	Female	18.0	2.0	9.0	No
266	50	Christina	Little	Ohio	Female	15.0	2.988446726572529	21.0	Yes
267	51	Diana	Ross	Texas	Female	16.996108949416342	2.0	18.011138613861387	Yes
268	52	William	Cooper	New York	Male	18.0	2.0	18.011138613861387	Yes
269	53	Joseph	Nichols	Virginia	Male	19.0	3.0	34.0	No
270	55	Harold	Powell	Tennessee	Male	16.996108949416342	2.988446726572529	31.0	Yes
271	56	Kathleen	Cole	Texas	Female	16.0	3.0	5.0	No
272	57	Marilyn	Simmons	South Carolina	Female	18.0	4.0	33.0	Yes
273	58	Susan	Roberts	Pennsylvania	Female	17.0	3.0	18.011138613861387	Yes
274	59	Samuel	Elliott	Connecticut	Male	15.0	2.0	9.0	No
275	60	Irene	Collins	District of Columbia	Female	16.996108949416342	3.0	9.0	No
276	61	Joshua	Lewis	Missouri	Male	18.0	2.988446726572529	15.0	Yes
277	62	Raymond	Hudson	Nebraska	Male	15.0	4.0	7.0	Yes
278	63	Philip	Gomez	Florida	Male	18.0	2.0	7.0	No
279	64	Christopher	Wood	Arizona	Male	16.996108949416342	3.0	32.0	No
280	65	Sarah	Garcia	Florida	Female	19.0	2.0	6.0	No
281	66	Antonio	Palmer	Missouri	Male	16.996108949416342	2.0	12.0	No
282	67	Ralph	Jacobs	Florida	Male	18.0	2.0	14.0	No
283	69	Henry	Howell	California	Male	16.996108949416342	3.0	14.0	No
284	71	Melissa	Dunn	Massachusetts	Female	17.0	3.0	18.011138613861387	Yes
285	72	Eric	Roberts	California	Male	18.0	2.988446726572529	32.0	Yes
286	73	Timothy	Smith	California	Male	15.0	4.0	20.0	Yes
287	74	Kelly	Wheeler	New York	Female	16.0	3.0	25.0	No
288	75	Earl	Watson	Texas	Male	16.996108949416342	2.988446726572529	6.0	Yes
289	76	Fred	Owens	Texas	Male	16.996108949416342	4.0	18.011138613861387	Yes
290	78	James	Fowler	District of Columbia	Male	17.0	3.0	15.0	No
291	79	Johnny	Myers	Georgia	Male	16.996108949416342	2.988446726572529	16.0	Yes
292	81	Joan	Reyes	California	Female	19.0	3.0	4.0	No
293	82	Keith	Sanchez	New York	Male	15.0	2.0	18.011138613861387	Yes
294	83	Craig	Tucker	Indiana	Male	19.0	2.0	33.0	No
295	84	Judith	Nguyen	Missouri	Female	16.996108949416342	4.0	13.0	Yes
296	85	Kenneth	Ramirez		Male	19.0	2.988446726572529	18.0	Yes
297	86	Margaret	Scott	North Carolina	Female	15.0	2.988446726572529	19.0	Yes
298	87	Martha	Moreno	Kentucky	Female	19.0	2.0	18.011138613861387	Yes
299	88	Sandra	Nguyen		Female	16.996108949416342	3.0	7.0	No
300	89	Albert	Willis	Utah	Male	18.0	2.988446726572529	13.0	Yes
301	90	Shirley	Wheeler	Ohio	Female	16.996108949416342	3.0	11.0	No
302	91	Heather	Olson	Texas	Female	16.996108949416342	2.0	19.0	No
303	92	Lois	Hanson	Washington	Female	19.0	4.0	31.0	Yes
304	93	Diane	Stanley	Ohio	Female	16.0	2.988446726572529	20.0	Yes
305	95	Earl	Walker	Louisiana	Male	15.0	3.0	31.0	No
306	96	Justin	Gardner	Nebraska	Male	16.996108949416342	2.988446726572529	29.0	Yes
307	97	Edward	Hughes	California	Male	18.0	2.0	18.011138613861387	Yes
308	98	Lisa	Harper	Florida	Female	15.0	2.988446726572529	23.0	Yes
309	99	Amy	Alexander		Female	19.0	3.0	13.0	No
310	100	Emily	Bradley		Female	17.0	2.988446726572529	5.0	Yes
311	103	Debra	Woods		Female	19.0	4.0	13.0	Yes
312	104	Donna	Cooper	Florida	Female	15.0	2.988446726572529	18.011138613861387	Yes
313	105	Jason	Wright	Virginia	Male	17.0	4.0	23.0	Yes
314	106	Mary	Sanchez	Michigan	Female	16.0	2.0	21.0	No
315	107	Steven	Welch	New York	Male	16.0	3.0	17.0	No
316	108	Debra	Larson	Virginia	Female	17.0	4.0	18.011138613861387	Yes
317	109	Carlos	Gibson	Connecticut	Male	15.0	4.0	28.0	Yes
318	110	Janet	Johnson	Virginia	Female	17.0	2.988446726572529	16.0	Yes
319	111	Kathryn	Welch	Colorado	Female	15.0	4.0	18.011138613861387	Yes
320	112	Kathleen	Dixon	New York	Female	16.996108949416342	2.0	6.0	No
321	113	Harold	Rivera		Male	18.0	2.0	10.0	No
322	114	Nancy	Olson	Illinois	Female	15.0	2.988446726572529	18.011138613861387	Yes
323	115	Daniel	Jacobs	Missouri	Male	15.0	4.0	26.0	Yes
324	116	Eugene	Ferguson	Connecticut	Male	16.0	3.0	15.0	No
325	117	Johnny	Webb	South Carolina	Male	18.0	3.0	16.0	No
326	118	Lillian	Frazier	Nebraska	Female	15.0	4.0	21.0	Yes
327	119	Stephanie	Gomez		Female	16.996108949416342	3.0	31.0	No
328	120	Linda	Wagner	New York	Female	16.0	3.0	29.0	No
329	121	Carlos	Oliver	Florida	Male	16.0	2.0	33.0	No
330	122	Jose	Diaz		Male	15.0	2.0	12.0	No
331	124	Eugene	Harper	Louisiana	Male	19.0	4.0	14.0	Yes
332	125	Louis	Lewis	Utah	Male	15.0	4.0	17.0	Yes
333	126	Janice	Watson		Female	18.0	3.0	18.011138613861387	Yes
334	127	Shawn	Grant	Florida	Male	15.0	2.988446726572529	21.0	Yes
335	128	Margaret	Johnston	Texas	Female	19.0	2.0	2.0	Yes
336	129	Laura	Ford	Texas	Female	16.996108949416342	3.0	18.0	No
337	130	Lillian	Perez	Colorado	Female	16.996108949416342	4.0	19.0	Yes
338	131	Jose	Morgan	Pennsylvania	Male	19.0	2.0	8.0	No
339	133	Joshua	Lynch	Connecticut	Male	18.0	2.988446726572529	7.0	Yes
340	134	Sean	Sanders	New York	Male	16.0	2.0	8.0	No
341	136	Harry	Reid	Mississippi	Male	16.996108949416342	3.0	30.0	No
342	137	Beverly	Wallace	Colorado	Female	19.0	3.0	9.0	No
343	138	Elizabeth	Ryan	Washington	Female	15.0	2.988446726572529	3.0	Yes
344	140	Judith	Warren		Female	17.0	3.0	31.0	No
345	141	Jesse	Woods		Male	16.0	4.0	6.0	Yes
346	142	Lori	Alvarez	Tennessee	Female	15.0	4.0	25.0	Yes
347	143	Sara	Collins	Minnesota	Female	18.0	3.0	3.0	Yes
348	144	Nicholas	Graham	Georgia	Male	18.0	4.0	18.011138613861387	Yes
349	145	Sara	Armstrong	Georgia	Female	16.0	2.988446726572529	7.0	Yes
350	146	Ernest	Harper	Alaska	Male	15.0	4.0	32.0	Yes
351	147	Willie	Fisher	Ohio	Male	18.0	2.988446726572529	7.0	Yes
352	148	Alan	Daniels	Minnesota	Male	17.0	3.0	7.0	No
353	149	Jason	Moreno	Virginia	Male	16.996108949416342	4.0	16.0	Yes
354	150	Rose	Brooks	District of Columbia	Female	15.0	4.0	18.011138613861387	Yes
355	151	Shawn	Green		Male	18.0	2.988446726572529	10.0	Yes
356	152	Fred	Henderson	Nevada	Male	19.0	3.0	20.0	No
357	154	Wanda	Hawkins	Minnesota	Female	16.0	2.988446726572529	30.0	Yes
358	155	Clarence	Baker	New York	Male	19.0	2.0	18.011138613861387	Yes
359	158	Raymond	Davis	New Mexico	Male	16.996108949416342	2.988446726572529	30.0	Yes
360	159	Sharon	Fuller	Texas	Female	17.0	2.0	18.011138613861387	Yes
361	164	Pamela	Phillips	Washington	Female	17.0	3.0	23.0	No
362	165	Eugene	Weaver	Washington	Male	19.0	2.0	30.0	No
363	166	Janet	Martin	Kansas	Female	17.0	3.0	2.0	Yes
364	168	Tina	Lopez	Nevada	Female	16.996108949416342	3.0	18.011138613861387	Yes
365	169	Matthew	Cox	District of Columbia	Male	19.0	2.0	5.0	No
366	170	Louise	Morales	Alaska	Female	15.0	2.0	18.011138613861387	Yes
367	171	Annie	Oliver	District of Columbia	Female	18.0	2.988446726572529	11.0	Yes
368	172	Gregory	Diaz	Michigan	Male	19.0	2.0	22.0	No
369	173	Carolyn	Matthews	Connecticut	Female	16.0	2.0	9.0	No
370	175	Carolyn	Daniels	Louisiana	Female	18.0	2.0	33.0	No
371	176	Larry	Ross	Tennessee	Male	17.0	4.0	18.011138613861387	Yes
372	178	Andrea	Fox	Texas	Female	16.996108949416342	2.988446726572529	11.0	Yes
373	179	Victor	Ferguson	California	Male	18.0	4.0	18.011138613861387	Yes
374	180	Katherine	Alexander	Florida	Female	16.996108949416342	3.0	28.0	No
375	182	Eric	Hill	Georgia	Male	15.0	4.0	18.011138613861387	Yes
376	183	Randy	Jacobs	Florida	Male	18.0	3.0	34.0	No
377	185	Tammy	Flores		Female	16.996108949416342	3.0	23.0	No
378	186	Mark	Meyer	South Carolina	Male	16.996108949416342	3.0	8.0	No
379	187	Brian	Snyder		Male	18.0	2.0	22.0	No
380	188	Walter	Brown	District of Columbia	Male	15.0	2.0	18.011138613861387	Yes
381	189	Patrick	Daniels	Colorado	Male	19.0	3.0	4.0	No
382	190	Diane	Collins	Louisiana	Female	17.0	4.0	25.0	Yes
383	191	Irene	Warren	Kansas	Female	17.0	3.0	18.011138613861387	Yes
384	192	Janet	Gibson	Tennessee	Female	19.0	4.0	18.011138613861387	Yes
385	193	Eugene	Porter	Kentucky	Male	18.0	3.0	23.0	No
386	194	Amy	Sullivan	Missouri	Female	19.0	3.0	18.011138613861387	Yes
387	195	George	Rogers	Michigan	Male	19.0	3.0	15.0	No
388	196	Cheryl	Simmons	Virginia	Female	16.996108949416342	4.0	17.0	Yes
389	197	Maria	Torres		Female	15.0	4.0	6.0	Yes
390	198	Jonathan	Lewis	District of Columbia	Male	15.0	2.0	18.011138613861387	Yes
391	199	Jeremy	Dixon	Virginia	Male	15.0	2.988446726572529	34.0	Yes
392	200	Raymond	Campbell	Texas	Male	19.0	3.0	24.0	No
393	201	Heather	Foster		Female	15.0	4.0	24.0	Yes
394	202	Gary	Reid	Pennsylvania	Male	16.0	2.988446726572529	14.0	Yes
395	203	Peter	Mitchell	District of Columbia	Male	19.0	3.0	15.0	No
396	204	Jean	Mendoza	Alabama	Female	15.0	4.0	6.0	Yes
397	205	Diane	Rice	Texas	Female	15.0	3.0	28.0	No
398	206	Shawn	Hansen	Kansas	Male	16.0	3.0	28.0	No
399	207	Kathryn	Harris	Texas	Female	16.0	4.0	18.0	Yes
400	208	Jesse	Little	Georgia	Male	16.0	2.988446726572529	5.0	Yes
401	209	Joan	Ward	Ohio	Female	19.0	2.0	18.011138613861387	Yes
402	210	Frances	Arnold	District of Columbia	Female	17.0	2.988446726572529	18.011138613861387	Yes
403	211	Maria	Bowman	Virginia	Female	19.0	4.0	18.011138613861387	Yes
404	212	Robin	Perry	California	Female	15.0	4.0	2.0	Yes
405	214	Catherine	Graham		Female	16.996108949416342	2.0	6.0	No
406	215	Bonnie	Harris	Florida	Female	16.996108949416342	2.988446726572529	8.0	Yes
407	216	Jeremy	Wood	Nevada	Male	16.996108949416342	2.0	5.0	No
408	217	Joan	Hamilton	Arizona	Female	15.0	2.988446726572529	18.011138613861387	Yes
409	218	Terry	Rogers	Alabama	Male	17.0	4.0	10.0	Yes
410	219	Kenneth	Chapman	Illinois	Male	16.0	3.0	24.0	No
411	220	Anne	Diaz	Texas	Female	16.0	2.0	33.0	No
412	222	Paula	Clark	Minnesota	Female	19.0	2.0	33.0	No
413	223	Gary	Nichols	Florida	Male	17.0	2.988446726572529	28.0	Yes
414	224	Jose	Snyder		Male	18.0	2.0	17.0	No
415	225	Catherine	Barnes	Pennsylvania	Female	16.996108949416342	2.988446726572529	18.011138613861387	Yes
416	226	Jack	Henry	Texas	Male	19.0	2.0	12.0	No
417	227	Terry	Thomas	Montana	Male	18.0	4.0	14.0	Yes
418	228	Melissa	Patterson	New York	Female	16.996108949416342	4.0	17.0	Yes
419	229	Nancy	Bailey	Colorado	Female	15.0	2.0	31.0	No
420	230	Lisa	Knight	Louisiana	Female	16.996108949416342	4.0	3.0	Yes
421	231	Jesse	Medina	Washington	Male	17.0	2.0	28.0	No
422	232	Harry	Holmes	South Carolina	Male	18.0	2.988446726572529	13.0	Yes
423	233	Alan	Gonzales	Georgia	Male	16.996108949416342	4.0	4.0	Yes
424	234	Jerry	Webb	California	Male	18.0	2.0	10.0	No
425	235	Juan	Ross	Florida	Male	19.0	2.0	18.011138613861387	Yes
426	236	Amy	Gomez	New York	Female	19.0	2.988446726572529	12.0	Yes
427	237	Patrick	Willis	Illinois	Male	17.0	2.988446726572529	30.0	Yes
428	238	Carlos	Wallace	South Carolina	Male	16.996108949416342	2.988446726572529	33.0	Yes
429	239	Brenda	Marshall	Idaho	Female	16.996108949416342	3.0	4.0	No
430	241	Christopher	Morgan	Texas	Male	15.0	3.0	34.0	No
431	242	Angela	Wagner	Texas	Female	16.0	2.0	11.0	No
432	243	Andrew	Lopez	Connecticut	Male	16.996108949416342	2.988446726572529	18.011138613861387	Yes
433	244	Matthew	Greene	Nevada	Male	16.996108949416342	2.0	5.0	No
434	245	Earl	Lawson	Massachusetts	Male	15.0	3.0	26.0	No
435	248	Phillip	Gonzalez	District of Columbia	Male	15.0	2.988446726572529	18.011138613861387	Yes
436	249	Diana	Jacobs	Florida	Female	18.0	2.0	24.0	No
437	250	Jerry	Sanders	Georgia	Male	19.0	3.0	6.0	No
438	251	Lisa	Owens	West Virginia	Female	16.0	3.0	17.0	No
439	252	Philip	Stone	California	Male	16.996108949416342	4.0	18.011138613861387	Yes
440	253	Frank	Vasquez	California	Male	15.0	4.0	18.011138613861387	Yes
441	254	Eugene	Scott	Florida	Male	16.996108949416342	2.0	17.0	No
442	255	Kathy	Lopez	Florida	Female	18.0	3.0	24.0	No
443	256	Justin	Wheeler	California	Male	15.0	4.0	23.0	Yes
444	257	Tina	Schmidt	North Carolina	Female	15.0	3.0	12.0	No
445	258	Ronald	Thomas	Florida	Male	15.0	2.0	20.0	No
446	259	Michelle	Bradley	District of Columbia	Female	16.0	2.988446726572529	32.0	Yes
447	260	Andrea	Warren	Florida	Female	18.0	2.988446726572529	33.0	Yes
448	261	Richard	Romero	Michigan	Male	16.996108949416342	2.0	28.0	No
449	263	Richard	Collins	Kentucky	Male	18.0	2.0	18.011138613861387	Yes
450	264	Kenneth	Olson	Illinois	Male	19.0	2.988446726572529	18.011138613861387	Yes
451	265	Adam	Perry	Georgia	Male	16.996108949416342	2.0	34.0	No
452	266	Carl	Montgomery		Male	16.996108949416342	4.0	29.0	Yes
453	267	Harold	Powell	Texas	Male	15.0	2.0	12.0	No
454	269	Amy	Schmidt	California	Female	16.0	2.988446726572529	3.0	Yes
455	271	Raymond	Hill	District of Columbia	Male	16.996108949416342	3.0	29.0	No
456	272	Laura	Watson	Louisiana	Female	19.0	2.988446726572529	13.0	Yes
457	273	Nicholas	Morgan	Minnesota	Male	18.0	2.988446726572529	18.011138613861387	Yes
458	274	Anthony	Franklin	Illinois	Male	16.996108949416342	2.0	9.0	No
459	275	Raymond	Shaw	Oregon	Male	19.0	2.0	18.011138613861387	Yes
460	276	Denise	Garza	North Carolina	Female	15.0	2.988446726572529	30.0	Yes
461	277	Bobby	Butler	District of Columbia	Male	16.996108949416342	2.988446726572529	14.0	Yes
462	278	Dennis	Baker	Ohio	Male	16.996108949416342	2.988446726572529	3.0	Yes
463	279	Brenda	Butler	Virginia	Female	16.0	3.0	9.0	No
464	282	Juan	Hunt	California	Male	18.0	2.988446726572529	8.0	Yes
465	283	Brian	Gibson	California	Male	19.0	4.0	17.0	Yes
466	284	Kathy	Duncan	Florida	Female	15.0	3.0	22.0	No
467	286	Amy	King	Indiana	Female	15.0	3.0	18.0	No
468	287	Christine	Freeman	Georgia	Female	16.996108949416342	3.0	17.0	No
469	289	Pamela	Hill		Female	16.996108949416342	2.0	25.0	No
470	290	Patrick	Gonzalez	Arizona	Male	16.996108949416342	2.0	31.0	No
471	291	Matthew	Sullivan	Texas	Male	16.0	2.0	18.011138613861387	Yes
472	293	Anthony	Roberts	Colorado	Male	17.0	2.0	18.011138613861387	Yes
473	294	Andrew	Marshall	Louisiana	Male	17.0	4.0	32.0	Yes
474	296	Julia	Carr	Texas	Female	17.0	4.0	18.011138613861387	Yes
475	298	Marie	Ford	Florida	Female	16.996108949416342	3.0	18.011138613861387	Yes
476	299	Clarence	Medina	District of Columbia	Male	18.0	4.0	18.011138613861387	Yes
477	300	Maria	King	California	Female	16.996108949416342	2.0	8.0	No
478	301	Evelyn	Robertson	Florida	Female	15.0	2.988446726572529	2.0	Yes
479	302	Mark	Frazier	Kentucky	Male	16.996108949416342	2.0	3.0	Yes
480	303	Lillian	Knight	Colorado	Female	15.0	3.0	27.0	No
481	304	George	Arnold	Florida	Male	17.0	3.0	32.0	No
482	305	Frances	Parker	Indiana	Female	16.996108949416342	3.0	34.0	No
483	306	David	Thompson	Texas	Male	17.0	4.0	4.0	Yes
484	309	Patricia	Hayes	Florida	Female	19.0	2.0	25.0	No
485	310	Helen	Jordan	South Carolina	Female	18.0	3.0	18.011138613861387	Yes
486	311	Stephanie	Moreno	Louisiana	Female	19.0	4.0	18.011138613861387	Yes
487	312	Emily	Edwards	New York	Female	16.996108949416342	2.0	13.0	No
488	314	Anthony	Hart	Indiana	Male	18.0	4.0	18.011138613861387	Yes
489	317	Timothy	Gardner		Male	18.0	4.0	18.0	Yes
490	318	Gregory	Hunt	California	Male	16.996108949416342	4.0	10.0	Yes
491	319	Cynthia	Brown	Arizona	Female	16.996108949416342	2.988446726572529	30.0	Yes
492	320	Nicholas	Campbell	North Carolina	Male	16.0	4.0	18.011138613861387	Yes
493	321	Steve	Garcia	Vermont	Male	17.0	3.0	18.011138613861387	Yes
494	323	Jennifer	Gonzales	New York	Female	17.0	3.0	23.0	No
495	324	Judy	Reyes	New York	Female	16.0	3.0	29.0	No
496	325	Scott	Stone	Minnesota	Male	16.0	3.0	5.0	No
497	326	Ryan	Reed	Texas	Male	18.0	2.0	8.0	No
498	327	Randy	Mason	Virginia	Male	16.996108949416342	4.0	31.0	Yes
499	329	Karen	Vasquez	Delaware	Female	15.0	4.0	23.0	Yes
500	331	Donna	Torres	New York	Female	17.0	2.988446726572529	18.011138613861387	Yes
501	333	Donna	Hunter		Female	16.996108949416342	3.0	32.0	No
502	334	Linda	Harvey	Alabama	Female	16.996108949416342	2.0	16.0	No
503	336	Kimberly	Reynolds	Georgia	Female	15.0	4.0	14.0	Yes
504	337	Annie	Morgan	Texas	Female	16.0	2.0	18.011138613861387	Yes
505	338	Jerry	Hanson		Male	15.0	4.0	9.0	Yes
506	340	Anthony	Daniels	Tennessee	Male	16.0	2.0	8.0	No
507	341	Anna	Day	Oklahoma	Female	18.0	2.0	31.0	No
508	342	Debra	Arnold	Florida	Female	17.0	2.988446726572529	25.0	Yes
509	343	Judith	Cunningham	California	Female	15.0	4.0	25.0	Yes
510	345	Theresa	Garza		Female	15.0	2.988446726572529	18.011138613861387	Yes
511	346	Angela	Sanchez	Nevada	Female	19.0	4.0	27.0	Yes
512	347	Timothy	George	Wisconsin	Male	16.996108949416342	3.0	19.0	No
513	348	Angela	Jordan	North Carolina	Female	15.0	2.988446726572529	23.0	Yes
514	349	Paula	Hunter		Female	16.996108949416342	4.0	5.0	Yes
515	350	Harold	Evans	Colorado	Male	16.996108949416342	2.0	34.0	No
516	351	Sara	Burke	Kentucky	Female	19.0	3.0	27.0	No
517	353	Anna	Stephens		Female	16.0	4.0	18.011138613861387	Yes
518	354	Joyce	Bryant	California	Female	19.0	3.0	30.0	No
519	355	Joyce	Baker	West Virginia	Female	17.0	2.0	28.0	No
520	356	Gary	Fernandez	Maryland	Male	16.0	3.0	31.0	No
521	357	Terry	Anderson	Washington	Male	18.0	4.0	6.0	Yes
522	358	Carlos	Murphy	Oklahoma	Male	17.0	2.0	7.0	No
523	359	Christina	Cox	Missouri	Female	18.0	2.0	22.0	No
524	361	Steven	Hansen	Wisconsin	Male	18.0	2.988446726572529	18.011138613861387	Yes
525	362	Sara	Perry	North Carolina	Female	16.996108949416342	3.0	17.0	No
526	363	Marie	Rice	Washington	Female	18.0	4.0	18.011138613861387	Yes
527	364	Christopher	Torres	Pennsylvania	Male	18.0	4.0	25.0	Yes
528	369	David	Lynch	Arizona	Male	15.0	2.988446726572529	13.0	Yes
529	371	Beverly	Wells		Female	16.996108949416342	3.0	30.0	No
530	372	Larry	Harper		Male	17.0	4.0	4.0	Yes
531	373	Dennis	Fields	Ohio	Male	16.0	3.0	34.0	No
532	374	Jessica	Jones	South Carolina	Female	17.0	2.0	3.0	Yes
533	376	Antonio	Hart	California	Male	18.0	4.0	18.011138613861387	Yes
534	378	Kimberly	Morgan	New York	Female	18.0	2.0	32.0	No
535	379	Betty	Robertson	Texas	Female	19.0	3.0	29.0	No
536	380	Mildred	Morgan	Oklahoma	Female	16.996108949416342	2.0	17.0	No
537	381	Wanda	Edwards	District of Columbia	Female	15.0	2.988446726572529	18.011138613861387	Yes
538	382	Shawn	Little	Pennsylvania	Male	19.0	3.0	10.0	No
539	383	Louis	Nelson	New Mexico	Male	17.0	4.0	14.0	Yes
540	384	Teresa	Roberts	Illinois	Female	16.0	2.988446726572529	30.0	Yes
541	385	Judith	Ross	Oklahoma	Female	15.0	2.988446726572529	6.0	Yes
542	386	Clarence	Nguyen	California	Male	17.0	2.988446726572529	8.0	Yes
543	387	Lois	Collins		Female	16.996108949416342	3.0	18.011138613861387	Yes
544	388	Aaron	Bishop	California	Male	17.0	4.0	12.0	Yes
545	389	James	Fields	Virginia	Male	19.0	2.0	18.011138613861387	Yes
546	390	Raymond	Myers	Washington	Male	16.996108949416342	2.0	25.0	No
547	391	Brandon	Ferguson	Texas	Male	17.0	2.0	23.0	No
548	392	Russell	Cook	New York	Male	16.996108949416342	2.0	18.011138613861387	Yes
549	394	Willie	Shaw	Texas	Male	16.0	2.0	18.011138613861387	Yes
550	395	Philip	Nichols	District of Columbia	Male	19.0	2.988446726572529	34.0	Yes
551	396	Steve	Perkins	South Carolina	Male	16.996108949416342	2.0	30.0	No
552	397	Michael	Romero	Kansas	Male	19.0	3.0	12.0	No
553	398	Roy	Garcia	Michigan	Male	15.0	2.988446726572529	34.0	Yes
554	400	Sean	Shaw		Male	18.0	2.0	24.0	No
555	401	David	Ramirez	California	Male	17.0	2.0	18.011138613861387	Yes
556	402	Richard	Alvarez	Pennsylvania	Male	16.0	4.0	19.0	Yes
557	405	Jack	Bell	New York	Male	17.0	2.0	19.0	No
558	408	Lori	Stewart	Texas	Female	16.0	2.0	26.0	No
559	409	Julie	Richardson	Georgia	Female	19.0	2.988446726572529	6.0	Yes
560	410	Cynthia	Stanley	South Carolina	Female	15.0	4.0	17.0	Yes
561	411	Kenneth	Johnston	Massachusetts	Male	19.0	4.0	11.0	Yes
562	412	Chris	Sims	California	Male	16.996108949416342	2.0	10.0	No
563	413	Brian	Hanson	Massachusetts	Male	17.0	2.0	26.0	No
564	414	Matthew	Ward	New York	Male	15.0	2.0	29.0	No
565	417	Sandra	Daniels	Nebraska	Female	18.0	3.0	18.011138613861387	Yes
566	419	Frances	Marshall	Texas	Female	19.0	2.988446726572529	30.0	Yes
567	420	Gerald	Stevens	Florida	Male	19.0	4.0	18.011138613861387	Yes
568	421	Sean	Perez	California	Male	15.0	4.0	29.0	Yes
569	422	Robert	Flores		Male	18.0	2.988446726572529	17.0	Yes
570	423	Daniel	Lee		Male	16.0	4.0	7.0	Yes
571	425	Cheryl	Cruz	Nebraska	Female	18.0	2.0	16.0	No
572	428	Timothy	Watkins	Nevada	Male	16.0	4.0	4.0	Yes
573	430	Gregory	Ramos		Male	16.0	3.0	18.011138613861387	Yes
574	432	Terry	Murphy	Wisconsin	Male	18.0	2.988446726572529	20.0	Yes
575	433	Mark	Cook	New Jersey	Male	15.0	3.0	28.0	No
576	434	Wanda	Weaver	New Jersey	Female	18.0	4.0	22.0	Yes
577	435	Denise	Stewart	Montana	Female	17.0	2.0	23.0	No
578	436	Todd	Gutierrez	Illinois	Male	16.0	2.0	14.0	No
579	437	Debra	Fernandez	New York	Female	16.0	2.988446726572529	30.0	Yes
580	438	Lawrence	Flores	District of Columbia	Male	16.0	3.0	6.0	No
581	439	Juan	Duncan	Kentucky	Male	16.996108949416342	4.0	10.0	Yes
582	440	Marie	Stewart	Missouri	Female	19.0	2.0	12.0	No
583	441	Frances	Harvey	Massachusetts	Female	15.0	2.0	12.0	No
584	442	Willie	Owens	Washington	Male	16.0	4.0	3.0	Yes
585	443	Katherine	Fields		Female	17.0	4.0	34.0	Yes
586	444	Donald	Jackson	Texas	Male	15.0	3.0	18.0	No
587	445	Daniel	Young	Pennsylvania	Male	16.0	4.0	2.0	Yes
588	446	Paula	Weaver	California	Female	16.996108949416342	2.0	7.0	No
589	447	Robert	Brooks	Texas	Male	15.0	2.988446726572529	7.0	Yes
590	448	Norma	Moore	North Carolina	Female	15.0	3.0	25.0	No
591	449	Catherine	Meyer	Indiana	Female	16.0	3.0	34.0	No
592	450	Melissa	Miller	Nevada	Female	18.0	3.0	25.0	No
593	451	Amanda	Grant	Oklahoma	Female	15.0	3.0	33.0	No
594	452	Walter	Meyer		Male	16.0	2.988446726572529	13.0	Yes
595	454	Ashley	Martin	New York	Female	16.0	2.988446726572529	32.0	Yes
596	455	Paula	Myers	Massachusetts	Female	18.0	3.0	22.0	No
597	456	Charles	Mitchell		Male	19.0	3.0	24.0	No
598	457	Julia	Jacobs		Female	19.0	4.0	32.0	Yes
599	458	Judith	Elliott	North Carolina	Female	16.0	4.0	20.0	Yes
600	459	Steven	Baker	Florida	Male	16.996108949416342	2.0	17.0	No
601	460	Gregory	Griffin	South Dakota	Male	17.0	3.0	9.0	No
602	462	Donald	Banks	Pennsylvania	Male	19.0	3.0	22.0	No
603	463	Lawrence	Lee	Florida	Male	16.996108949416342	2.988446726572529	7.0	Yes
604	466	Aaron	Murphy	Florida	Male	18.0	3.0	12.0	No
605	467	Nancy	Adams	Missouri	Female	17.0	3.0	18.011138613861387	Yes
606	468	Virginia	Brown	Florida	Female	15.0	2.988446726572529	18.011138613861387	Yes
607	470	Wanda	Greene	North Carolina	Female	16.996108949416342	3.0	15.0	No
608	471	Judith	Campbell	California	Female	16.0	3.0	34.0	No
609	473	Judy	Phillips	Florida	Female	19.0	4.0	18.011138613861387	Yes
610	474	Pamela	Kennedy	Indiana	Female	16.0	2.988446726572529	18.011138613861387	Yes
611	475	Brandon	Mendoza	Kentucky	Male	15.0	3.0	31.0	No
612	476	Aaron	Mitchell	Arizona	Male	18.0	3.0	24.0	No
613	478	Mary	Miller	Nebraska	Female	15.0	3.0	18.011138613861387	Yes
614	479	Paul	Gibson	Alabama	Male	16.996108949416342	3.0	18.011138613861387	Yes
615	480	Frank	Gonzalez	Florida	Male	18.0	2.0	16.0	No
616	481	Pamela	Grant	Ohio	Female	18.0	2.988446726572529	18.011138613861387	Yes
617	482	Anne	Dean	Virginia	Female	16.996108949416342	2.0	12.0	No
618	483	Joyce	Armstrong	West Virginia	Female	16.996108949416342	2.988446726572529	18.011138613861387	Yes
619	484	Wayne	Palmer	California	Male	16.996108949416342	3.0	17.0	No
620	485	Amanda	Ross	California	Female	16.0	4.0	21.0	Yes
621	487	Amanda	Crawford	Vermont	Female	19.0	4.0	32.0	Yes
622	488	Matthew	Knight	Maryland	Male	18.0	4.0	6.0	Yes
623	489	Marie	Hawkins	North Carolina	Female	16.0	2.988446726572529	13.0	Yes
624	490	Deborah	Hill	Indiana	Female	16.0	3.0	29.0	No
625	494	Joyce	Peterson	West Virginia	Female	16.996108949416342	3.0	10.0	No
626	495	Frances	Cruz	Virginia	Female	16.0	4.0	9.0	Yes
627	496	Rebecca	Carter	Florida	Female	16.996108949416342	2.988446726572529	32.0	Yes
628	497	Juan	Robertson	Ohio	Male	16.996108949416342	4.0	5.0	Yes
629	498	Kathryn	Jackson		Female	16.0	2.988446726572529	3.0	Yes
630	499	Mary	Young	Pennsylvania	Female	15.0	2.988446726572529	30.0	Yes
631	501	Diane	Ellis	Colorado	Female	16.996108949416342	4.0	18.011138613861387	Yes
632	502	Susan	Lewis	Texas	Female	16.996108949416342	2.0	8.0	No
633	503	Frank	Jacobs	Washington	Male	15.0	2.0	23.0	No
634	504	Doris	Ortiz	Washington	Female	17.0	4.0	19.0	Yes
635	505	Ashley	Sims	Massachusetts	Female	18.0	4.0	18.0	Yes
636	506	David	Ross	Kentucky	Male	15.0	4.0	18.011138613861387	Yes
637	508	Scott	Johnson	Florida	Male	17.0	4.0	12.0	Yes
638	510	Ryan	Woods	Texas	Male	17.0	3.0	18.0	No
639	511	Nancy	Palmer	New Jersey	Female	16.996108949416342	2.988446726572529	26.0	Yes
640	513	Robin	Bailey	Illinois	Female	17.0	2.0	18.0	No
641	514	Kevin	Mitchell	Mississippi	Male	18.0	4.0	18.011138613861387	Yes
642	515	Jose	Gordon	Louisiana	Male	16.996108949416342	3.0	15.0	No
643	516	Catherine	Bradley	Arizona	Female	17.0	2.0	15.0	No
644	517	Helen	Robertson	Colorado	Female	18.0	2.0	15.0	No
645	518	Roy	Mccoy	Missouri	Male	15.0	3.0	18.011138613861387	Yes
646	520	Justin	Gibson	Illinois	Male	18.0	2.0	29.0	No
647	523	Larry	Fernandez	Colorado	Male	16.996108949416342	4.0	18.011138613861387	Yes
648	524	Andrew	Ross	Tennessee	Male	16.996108949416342	2.988446726572529	21.0	Yes
649	525	Patrick	Harvey	Minnesota	Male	15.0	2.988446726572529	27.0	Yes
650	527	Terry	Armstrong	Missouri	Male	18.0	2.0	12.0	No
651	529	Beverly	Medina	District of Columbia	Female	16.0	4.0	28.0	Yes
652	531	Stephen	Stanley	New York	Male	15.0	2.988446726572529	10.0	Yes
653	532	Ernest	Nguyen	Texas	Male	15.0	4.0	10.0	Yes
654	536	Alice	Martinez	Missouri	Female	19.0	2.0	27.0	No
655	537	Alan	Campbell		Male	17.0	2.0	3.0	Yes
656	539	Sean	Dean	New Jersey	Male	16.996108949416342	4.0	6.0	Yes
657	540	Janice	Gilbert	Texas	Female	15.0	2.0	18.011138613861387	Yes
658	541	Alice	Snyder	Arkansas	Female	15.0	3.0	2.0	Yes
659	542	Debra	Meyer	Alabama	Female	16.996108949416342	2.0	18.011138613861387	Yes
660	543	Cynthia	Stewart	Missouri	Female	15.0	2.0	7.0	No
661	544	Phillip	Olson	Tennessee	Male	16.996108949416342	3.0	19.0	No
662	547	Walter	Lawson	District of Columbia	Male	17.0	2.0	28.0	No
663	548	Pamela	Stewart	Texas	Female	19.0	2.0	8.0	No
664	549	Linda	Montgomery	Georgia	Female	15.0	2.0	27.0	No
665	550	Jesse	Henry	Michigan	Male	17.0	2.988446726572529	18.011138613861387	Yes
666	551	James	Richards	New Mexico	Male	15.0	2.988446726572529	14.0	Yes
667	552	Ryan	Johnston	Florida	Male	16.996108949416342	4.0	22.0	Yes
668	554	Samuel	Young	Delaware	Male	19.0	3.0	25.0	No
669	555	Albert	Perez	Virginia	Male	19.0	2.988446726572529	6.0	Yes
670	556	Teresa	Gomez	California	Female	15.0	4.0	19.0	Yes
671	557	Johnny	Allen		Male	15.0	2.988446726572529	21.0	Yes
672	560	Joshua	Hart	Tennessee	Male	18.0	4.0	21.0	Yes
673	561	Arthur	Ryan	California	Male	18.0	2.988446726572529	22.0	Yes
674	562	Michelle	Kim	Indiana	Female	16.996108949416342	3.0	15.0	No
675	563	Lawrence	Thompson	North Carolina	Male	16.0	2.988446726572529	4.0	Yes
676	564	Roy	Stevens	Oklahoma	Male	15.0	2.0	18.011138613861387	Yes
677	565	Keith	Warren	Ohio	Male	16.996108949416342	3.0	15.0	No
678	567	Jesse	Ortiz	Tennessee	Male	16.996108949416342	4.0	21.0	Yes
679	568	Raymond	Miller	Ohio	Male	16.996108949416342	2.0	18.0	No
680	569	Daniel	Fields	Kentucky	Male	17.0	3.0	23.0	No
681	570	Helen	Day	Massachusetts	Female	15.0	2.0	17.0	No
682	571	Bonnie	Jackson	California	Female	19.0	2.988446726572529	28.0	Yes
683	572	Betty	Anderson	Alabama	Female	17.0	2.988446726572529	29.0	Yes
684	573	Dennis	Ortiz	Iowa	Male	16.0	2.988446726572529	22.0	Yes
685	574	Larry	Graham	Virginia	Male	18.0	3.0	18.011138613861387	Yes
686	575	Russell	Bell	Oklahoma	Male	18.0	3.0	11.0	No
687	576	Elizabeth	Hill	Oregon	Female	17.0	2.988446726572529	7.0	Yes
688	578	Michelle	Moore		Female	16.0	2.988446726572529	30.0	Yes
689	579	Beverly	Gordon	Texas	Female	17.0	3.0	15.0	No
690	581	Heather	Hawkins	District of Columbia	Female	16.0	2.988446726572529	21.0	Yes
691	583	Lois	Adams	Kentucky	Female	19.0	3.0	24.0	No
692	584	Ronald	Collins	Florida	Male	19.0	3.0	26.0	No
693	585	Bruce	Perez	Texas	Male	15.0	2.0	18.011138613861387	Yes
694	588	Judith	Reed	Florida	Female	16.996108949416342	4.0	4.0	Yes
695	589	Carol	Hernandez	Minnesota	Female	19.0	2.988446726572529	27.0	Yes
696	590	Timothy	Davis	Hawaii	Male	19.0	2.0	32.0	No
697	591	Mark	Nguyen	Arkansas	Male	16.996108949416342	2.0	18.011138613861387	Yes
698	592	Arthur	Miller	Louisiana	Male	16.996108949416342	2.988446726572529	26.0	Yes
699	593	Bruce	Foster		Male	19.0	4.0	13.0	Yes
700	594	Walter	Garcia	California	Male	15.0	2.0	28.0	No
701	595	Cheryl	Rice	Pennsylvania	Female	16.0	2.0	4.0	No
702	596	Earl	Bennett	Texas	Male	16.996108949416342	2.988446726572529	18.011138613861387	Yes
703	597	Carlos	Gray	Virginia	Male	16.996108949416342	4.0	18.011138613861387	Yes
704	599	Doris	Murray		Female	17.0	4.0	3.0	Yes
705	600	Amy	Powell		Female	15.0	2.0	31.0	No
706	601	Pamela	Boyd	Pennsylvania	Female	15.0	4.0	10.0	Yes
707	602	Sarah	Butler	Ohio	Female	16.996108949416342	3.0	27.0	No
708	603	Peter	Martin	Washington	Male	19.0	3.0	30.0	No
709	604	Jean	Washington		Female	15.0	2.0	19.0	No
710	607	Elizabeth	Miller	Colorado	Female	16.0	3.0	18.011138613861387	Yes
711	609	Rachel	Barnes	Alabama	Female	19.0	2.988446726572529	26.0	Yes
712	610	Thomas	Ross	Florida	Male	16.996108949416342	2.0	26.0	No
713	611	Dorothy	Boyd	Washington	Female	15.0	2.0	6.0	No
714	613	Nancy	Duncan	California	Female	19.0	3.0	13.0	No
715	614	Jeremy	Rose	California	Male	17.0	2.0	18.011138613861387	Yes
716	615	Johnny	Berry	Texas	Male	15.0	2.0	18.011138613861387	Yes
717	616	Shawn	George	District of Columbia	Male	15.0	2.988446726572529	6.0	Yes
718	617	Bobby	Hill	Florida	Male	16.996108949416342	4.0	27.0	Yes
719	618	Debra	Robinson	Oregon	Female	17.0	4.0	30.0	Yes
720	619	Fred	Sanchez	Michigan	Male	16.996108949416342	3.0	3.0	Yes
721	620	Johnny	Wood		Male	18.0	4.0	18.011138613861387	Yes
722	621	Richard	Murray	Indiana	Male	17.0	4.0	7.0	Yes
723	623	Catherine	Ross	Maine	Female	18.0	2.0	30.0	No
724	624	Larry	Wagner	New Jersey	Male	15.0	4.0	3.0	Yes
725	625	Adam	Fernandez		Male	16.0	3.0	29.0	No
726	626	Anne	Kelley	Ohio	Female	16.0	2.0	33.0	No
727	627	Nicholas	Washington	Indiana	Male	18.0	4.0	22.0	Yes
728	628	Christina	Roberts	California	Female	17.0	2.0	4.0	No
729	629	Diana	Ryan	Texas	Female	15.0	2.0	14.0	No
730	630	Antonio	King	Michigan	Male	17.0	2.988446726572529	18.011138613861387	Yes
731	631	Linda	Matthews	Wisconsin	Female	16.996108949416342	4.0	2.0	Yes
732	633	Bruce	Bell	Texas	Male	18.0	4.0	5.0	Yes
733	634	Amanda	Fisher	Indiana	Female	16.996108949416342	2.988446726572529	28.0	Yes
734	636	Lois	Hayes	Wisconsin	Female	16.996108949416342	4.0	28.0	Yes
735	637	Jennifer	Lopez		Female	16.0	4.0	16.0	Yes
736	639	Katherine	Bishop	Oregon	Female	19.0	2.988446726572529	10.0	Yes
737	640	Kathleen	Ramos	California	Female	16.996108949416342	2.0	13.0	No
738	644	Nicole	Ortiz	Illinois	Female	18.0	2.0	18.011138613861387	Yes
739	646	Gloria	Wheeler	Texas	Female	16.996108949416342	2.0	5.0	No
740	648	Billy	Morrison	Minnesota	Male	19.0	2.988446726572529	18.011138613861387	Yes
741	649	Betty	Mcdonald	Ohio	Female	17.0	2.0	33.0	No
742	650	Shirley	Ortiz		Female	18.0	2.0	18.011138613861387	Yes
743	651	Karen	Simmons	California	Female	18.0	2.988446726572529	7.0	Yes
744	652	Antonio	Taylor	District of Columbia	Male	17.0	4.0	29.0	Yes
745	653	Janice	Clark	West Virginia	Female	16.996108949416342	2.0	18.011138613861387	Yes
746	655	Kathleen	Brown		Female	16.0	2.0	9.0	No
747	656	Phillip	Morales	Illinois	Male	18.0	2.0	6.0	No
748	657	Joe	Watson		Male	16.996108949416342	3.0	16.0	No
749	658	Melissa	Harrison	Texas	Female	16.996108949416342	4.0	24.0	Yes
750	659	Carlos	Carpenter	California	Male	18.0	3.0	4.0	No
751	660	Theresa	Matthews	Hawaii	Female	16.996108949416342	4.0	18.0	Yes
752	662	Christina	Grant	Florida	Female	16.996108949416342	2.988446726572529	12.0	Yes
753	663	Carol	Powell	Illinois	Female	16.996108949416342	4.0	31.0	Yes
754	664	Eugene	Lewis	Missouri	Male	16.0	3.0	19.0	No
755	665	Chris	Hunt	Pennsylvania	Male	16.996108949416342	4.0	23.0	Yes
756	667	Nicole	Hart	Texas	Female	16.996108949416342	2.0	18.011138613861387	Yes
757	669	Brandon	Lawson	Pennsylvania	Male	19.0	3.0	29.0	No
758	671	Janet	Ray		Female	16.996108949416342	3.0	19.0	No
759	673	Antonio	Perez	North Carolina	Male	17.0	2.0	14.0	No
760	674	Donna	Russell	Ohio	Female	16.996108949416342	4.0	18.011138613861387	Yes
761	677	Louis	Rodriguez	Pennsylvania	Male	16.0	3.0	18.011138613861387	Yes
762	678	Gregory	Mccoy	Washington	Male	18.0	2.0	18.011138613861387	Yes
763	679	Gloria	Snyder	Florida	Female	16.0	3.0	7.0	No
764	680	Phyllis	Wagner		Female	18.0	3.0	12.0	No
765	683	Christina	Woods	New York	Female	15.0	2.0	13.0	No
766	684	Paula	Webb	Minnesota	Female	16.0	2.0	17.0	No
767	686	Heather	Adams	Texas	Female	16.996108949416342	2.988446726572529	8.0	Yes
768	687	Katherine	Oliver	Virginia	Female	16.996108949416342	4.0	10.0	Yes
769	690	Evelyn	White	Massachusetts	Female	17.0	3.0	33.0	No
770	691	Arthur	Wood	Indiana	Male	17.0	3.0	26.0	No
771	692	Larry	Bennett	Ohio	Male	15.0	3.0	28.0	No
772	695	Philip	Watkins	Arizona	Male	19.0	2.988446726572529	21.0	Yes
773	697	Daniel	Peterson	Texas	Male	16.996108949416342	3.0	22.0	No
774	699	Martha	Alvarez	Colorado	Female	16.0	2.0	13.0	No
775	700	Kathryn	Medina	Texas	Female	19.0	2.0	18.011138613861387	Yes
776	701	John	Patterson		Male	15.0	2.0	4.0	No
777	702	Michael	Shaw	Florida	Male	18.0	2.988446726572529	26.0	Yes
778	704	Chris	Little	Michigan	Male	16.0	2.988446726572529	25.0	Yes
779	705	Martin	Holmes	Florida	Male	16.996108949416342	4.0	16.0	Yes
780	706	Debra	Morris	Ohio	Female	16.996108949416342	2.988446726572529	19.0	Yes
781	707	Robin	Ryan		Female	15.0	4.0	15.0	Yes
782	708	Jason	Richardson	Ohio	Male	16.0	3.0	19.0	No
783	710	Russell	Anderson	District of Columbia	Male	17.0	4.0	30.0	Yes
784	711	Johnny	Chapman		Male	16.996108949416342	2.0	12.0	No
785	712	Maria	Stevens	Colorado	Female	16.0	2.0	3.0	Yes
786	715	Stephen	Olson	Florida	Male	19.0	2.988446726572529	10.0	Yes
787	717	Diane	Vasquez	New York	Female	15.0	4.0	14.0	Yes
788	718	Gloria	Hughes	Ohio	Female	19.0	2.0	18.011138613861387	Yes
789	719	Cynthia	Garza	Ohio	Female	18.0	3.0	24.0	No
790	720	Louise	Edwards	Indiana	Female	17.0	3.0	31.0	No
791	723	Shirley	Ford	North Carolina	Female	17.0	2.0	34.0	No
792	724	Phillip	Alvarez	Illinois	Male	16.0	2.0	18.011138613861387	Yes
793	725	Howard	Lawrence	New York	Male	19.0	4.0	33.0	Yes
794	726	Stephanie	Johnson	Pennsylvania	Female	18.0	2.988446726572529	18.011138613861387	Yes
795	727	Sara	Meyer	California	Female	18.0	2.0	9.0	No
796	728	Keith	Fernandez	District of Columbia	Male	19.0	3.0	8.0	No
797	729	Samuel	Allen	Illinois	Male	16.0	4.0	12.0	Yes
798	730	Carol	Burke	New York	Female	15.0	2.988446726572529	29.0	Yes
799	731	Martha	Gordon	Illinois	Female	15.0	2.988446726572529	22.0	Yes
800	732	Katherine	Fox		Female	17.0	4.0	18.011138613861387	Yes
801	733	Stephanie	Graham	Missouri	Female	17.0	2.988446726572529	8.0	Yes
802	735	Mark	Bishop	Ohio	Male	15.0	2.0	11.0	No
803	736	Pamela	Wilson		Female	19.0	2.988446726572529	20.0	Yes
804	737	Philip	Perkins	Florida	Male	16.996108949416342	4.0	18.011138613861387	Yes
805	738	Clarence	Stevens	Colorado	Male	16.996108949416342	2.988446726572529	14.0	Yes
806	740	Bruce	Howard		Male	16.996108949416342	2.0	20.0	No
807	741	Karen	Turner	Missouri	Female	16.0	4.0	28.0	Yes
808	742	Thomas	Baker	Missouri	Male	15.0	2.0	20.0	No
809	743	Thomas	Hayes	California	Male	16.996108949416342	4.0	5.0	Yes
810	744	Larry	Butler	Arizona	Male	16.0	3.0	28.0	No
811	747	Patrick	Brooks	California	Male	19.0	3.0	18.011138613861387	Yes
812	748	Eugene	Brooks	California	Male	16.0	4.0	13.0	Yes
813	749	Melissa	King	Virginia	Female	18.0	2.988446726572529	34.0	Yes
814	752	Joyce	Matthews	New York	Female	16.996108949416342	4.0	27.0	Yes
815	753	Julia	Hawkins	Texas	Female	17.0	4.0	7.0	Yes
816	754	Michelle	Gonzalez	Michigan	Female	17.0	4.0	18.0	Yes
817	756	Joyce	Murphy		Female	16.996108949416342	4.0	5.0	Yes
818	759	George	Gomez	California	Male	19.0	4.0	2.0	Yes
819	760	Annie	Hamilton	South Carolina	Female	15.0	2.988446726572529	13.0	Yes
820	761	Michael	James	Georgia	Male	16.996108949416342	2.0	33.0	No
821	762	Jimmy	Holmes		Male	17.0	3.0	26.0	No
822	763	Helen	Mcdonald	California	Female	18.0	2.0	15.0	No
823	764	Diane	Freeman		Female	16.996108949416342	2.0	18.011138613861387	Yes
824	765	Lois	Peters	Pennsylvania	Female	19.0	4.0	31.0	Yes
825	767	Christina	Daniels	Virginia	Female	19.0	2.988446726572529	18.011138613861387	Yes
826	768	Betty	Rose	Hawaii	Female	17.0	3.0	6.0	No
827	769	Beverly	Burns	Virginia	Female	16.996108949416342	4.0	8.0	Yes
828	770	Wayne	Brooks		Male	16.996108949416342	3.0	30.0	No
829	771	Ralph	Watkins	District of Columbia	Male	15.0	2.988446726572529	17.0	Yes
830	772	Gerald	James	Tennessee	Male	17.0	2.0	18.011138613861387	Yes
831	773	Nicole	Ramos	Texas	Female	16.0	2.988446726572529	12.0	Yes
832	776	Russell	Scott	Wisconsin	Male	19.0	4.0	29.0	Yes
833	777	Louise	Lane	Pennsylvania	Female	17.0	4.0	34.0	Yes
834	779	Frank	Miller	Texas	Male	16.996108949416342	2.0	13.0	No
835	782	Alan	Pierce	California	Male	18.0	3.0	20.0	No
836	783	Debra	Smith	New York	Female	17.0	2.0	5.0	No
837	784	Jennifer	Armstrong	California	Female	17.0	3.0	26.0	No
838	785	Douglas	Fernandez	Florida	Male	19.0	3.0	27.0	No
839	787	Roy	Owens	Virginia	Male	16.996108949416342	4.0	19.0	Yes
840	788	Doris	Long	Illinois	Female	16.0	4.0	18.011138613861387	Yes
841	789	Diana	Hill	Missouri	Female	19.0	2.988446726572529	18.011138613861387	Yes
842	790	Carolyn	Kelley	Texas	Female	17.0	2.0	19.0	No
843	791	Wayne	Rogers	Alaska	Male	16.996108949416342	3.0	16.0	No
844	792	Lisa	Romero		Female	17.0	3.0	2.0	Yes
845	793	Ryan	Walker	Massachusetts	Male	16.0	2.988446726572529	18.011138613861387	Yes
846	795	Gary	Baker	Alabama	Male	19.0	3.0	31.0	No
847	796	Lillian	Fields	Tennessee	Female	19.0	4.0	8.0	Yes
848	799	Mildred	Gray	Virginia	Female	19.0	2.988446726572529	18.011138613861387	Yes
849	802	Angela	Crawford	Ohio	Female	16.996108949416342	3.0	4.0	No
850	805	Julia	Lee	Pennsylvania	Female	15.0	4.0	18.011138613861387	Yes
851	806	Adam	Chapman	Georgia	Male	16.996108949416342	4.0	18.0	Yes
852	807	Jean	Davis	California	Female	16.0	4.0	3.0	Yes
853	808	Ernest	Davis	California	Male	17.0	2.988446726572529	18.011138613861387	Yes
854	809	Anthony	Ross	Washington	Male	19.0	4.0	4.0	Yes
855	811	Jacqueline	Cunningham	Hawaii	Female	16.996108949416342	4.0	31.0	Yes
856	812	Angela	Banks	Florida	Female	19.0	2.0	18.011138613861387	Yes
857	813	Amy	Ortiz	Oklahoma	Female	18.0	2.988446726572529	4.0	Yes
858	814	Angela	Morrison		Female	16.0	4.0	7.0	Yes
859	815	Gary	Matthews	California	Male	18.0	3.0	4.0	No
860	816	Heather	Lynch	Texas	Female	18.0	2.0	18.011138613861387	Yes
861	819	Andrew	Reyes	Texas	Male	15.0	2.0	15.0	No
862	821	Paul	Stevens		Male	18.0	3.0	14.0	No
863	823	Dennis	Carpenter	Indiana	Male	17.0	2.988446726572529	7.0	Yes
864	825	Gary	Holmes		Male	17.0	2.988446726572529	18.011138613861387	Yes
865	827	Amy	Miller		Female	18.0	2.988446726572529	31.0	Yes
866	828	Ruth	Parker	South Carolina	Female	16.996108949416342	4.0	4.0	Yes
867	829	Juan	Collins	Vermont	Male	17.0	4.0	14.0	Yes
868	830	Mary	Mason	Texas	Female	19.0	4.0	19.0	Yes
869	831	Kathryn	Alexander	New Jersey	Female	19.0	2.0	17.0	No
870	832	Kenneth	Moreno		Male	19.0	2.0	14.0	No
871	833	Mildred	Welch	Texas	Female	15.0	3.0	15.0	No
872	834	Louis	Riley	Utah	Male	16.996108949416342	4.0	18.011138613861387	Yes
873	835	Roy	Butler	Texas	Male	19.0	3.0	18.0	No
874	836	Diane	Pierce	Indiana	Female	17.0	3.0	2.0	Yes
875	837	Randy	Mendoza	Ohio	Male	16.996108949416342	2.988446726572529	11.0	Yes
876	838	Irene	Cole	Texas	Female	16.0	4.0	23.0	Yes
877	839	James	Myers	Illinois	Male	18.0	4.0	9.0	Yes
878	840	Barbara	Turner	Pennsylvania	Female	17.0	2.0	32.0	No
879	841	Andrea	Duncan	Ohio	Female	18.0	4.0	24.0	Yes
880	845	Julia	White	District of Columbia	Female	15.0	3.0	11.0	No
881	846	Alan	Crawford	California	Male	17.0	4.0	18.011138613861387	Yes
882	847	Rachel	Lee		Female	19.0	3.0	27.0	No
883	848	Laura	Mitchell	Colorado	Female	18.0	4.0	18.011138613861387	Yes
884	849	Christina	Moore	New York	Female	19.0	3.0	22.0	No
885	851	Jean	Gonzalez	Missouri	Female	17.0	3.0	23.0	No
886	853	Kathy	Bailey	New York	Female	19.0	3.0	18.011138613861387	Yes
887	854	Heather	Owens		Female	15.0	2.988446726572529	18.011138613861387	Yes
888	855	Ruth	Carroll	Kentucky	Female	16.996108949416342	2.988446726572529	14.0	Yes
889	856	Jimmy	Bryant	Pennsylvania	Male	16.0	2.988446726572529	4.0	Yes
890	857	Thomas	Tucker	California	Male	16.996108949416342	3.0	8.0	No
891	858	Janet	Murphy	Michigan	Female	17.0	2.988446726572529	6.0	Yes
892	859	Angela	Kelly	Connecticut	Female	15.0	4.0	32.0	Yes
893	861	Justin	Bennett		Male	15.0	2.0	3.0	Yes
894	862	Kevin	Robinson	Montana	Male	16.996108949416342	3.0	25.0	No
895	863	Pamela	Hudson		Female	16.0	2.988446726572529	18.011138613861387	Yes
896	865	Sara	Garcia	Louisiana	Female	19.0	3.0	21.0	No
897	866	John	Fields		Male	16.996108949416342	4.0	14.0	Yes
898	867	Joe	Franklin	Ohio	Male	15.0	2.0	15.0	No
899	869	Phyllis	Oliver	Michigan	Female	17.0	4.0	27.0	Yes
900	870	Patrick	Barnes	Texas	Male	17.0	3.0	7.0	No
901	871	Joshua	Butler		Male	18.0	4.0	18.011138613861387	Yes
902	872	Janet	Cox	Texas	Female	16.996108949416342	3.0	9.0	No
903	873	William	Harris	Alabama	Male	18.0	3.0	6.0	No
904	874	Diana	Howard	Minnesota	Female	15.0	2.988446726572529	18.011138613861387	Yes
905	875	Joe	Hicks	Florida	Male	15.0	3.0	18.011138613861387	Yes
906	876	Amy	Walker	Alabama	Female	16.996108949416342	2.988446726572529	29.0	Yes
907	877	Matthew	Brown	Iowa	Male	19.0	3.0	6.0	No
908	880	Amanda	Reyes	District of Columbia	Female	15.0	2.988446726572529	9.0	Yes
909	882	Kevin	Campbell	California	Male	17.0	4.0	28.0	Yes
910	884	Amy	Nguyen	New York	Female	18.0	2.0	30.0	No
911	889	Mark	Parker	New York	Male	16.996108949416342	4.0	18.011138613861387	Yes
912	890	Deborah	Franklin		Female	16.0	4.0	31.0	Yes
913	891	Sharon	Dixon	District of Columbia	Female	19.0	3.0	12.0	No
914	892	Ruth	Larson	Washington	Female	18.0	4.0	18.011138613861387	Yes
915	893	Gerald	Mendoza	Florida	Male	17.0	3.0	7.0	No
916	894	Gregory	Green	Arizona	Male	15.0	4.0	6.0	Yes
917	895	Eric	Greene	California	Male	15.0	3.0	33.0	No
918	896	Amanda	Anderson	Nevada	Female	19.0	4.0	4.0	Yes
919	897	Kathleen	Lane	Indiana	Female	19.0	4.0	24.0	Yes
920	898	Andrew	Murphy	Minnesota	Male	16.0	2.0	18.011138613861387	Yes
921	899	Andrea	Nichols	Maryland	Female	17.0	2.0	7.0	No
922	900	Louis	Sims	Virginia	Male	16.996108949416342	2.988446726572529	10.0	Yes
923	902	Amy	Bennett	Nebraska	Female	15.0	2.988446726572529	6.0	Yes
924	903	Christina	Hall	Florida	Female	18.0	2.0	14.0	No
925	904	Emily	Griffin	Louisiana	Female	15.0	3.0	18.011138613861387	Yes
926	905	Dennis	Stephens	Pennsylvania	Male	17.0	3.0	25.0	No
927	906	Harry	Wells	Pennsylvania	Male	17.0	2.988446726572529	20.0	Yes
928	907	Michael	Grant		Male	17.0	2.0	27.0	No
929	908	Benjamin	Nguyen	Ohio	Male	19.0	4.0	18.011138613861387	Yes
930	909	Ruth	Ortiz	Pennsylvania	Female	17.0	2.0	8.0	No
931	911	Sarah	Perry	California	Female	16.996108949416342	2.988446726572529	7.0	Yes
932	912	Patrick	Richards	Minnesota	Male	19.0	3.0	18.011138613861387	Yes
933	913	Melissa	Daniels	Indiana	Female	16.996108949416342	2.0	24.0	No
934	914	Kimberly	Gardner	Virginia	Female	18.0	4.0	18.011138613861387	Yes
935	916	Debra	Warren	Texas	Female	15.0	4.0	31.0	Yes
936	918	Gary	Fernandez	Maryland	Male	19.0	2.988446726572529	5.0	Yes
937	921	Kathy	Fernandez	New York	Female	16.996108949416342	2.0	21.0	No
938	924	Tina	Lopez	Indiana	Female	18.0	3.0	2.0	Yes
939	925	Diane	Griffin	New York	Female	16.0	2.0	16.0	No
940	926	Raymond	Hunt		Male	15.0	2.0	18.011138613861387	Yes
941	927	Shirley	Kelly	California	Female	15.0	3.0	27.0	No
942	928	Ashley	Ramirez	Texas	Female	15.0	3.0	29.0	No
943	929	Alan	Davis	Wisconsin	Male	17.0	2.988446726572529	18.011138613861387	Yes
944	930	Cheryl	Spencer	Michigan	Female	16.996108949416342	2.0	18.011138613861387	Yes
945	931	Sandra	Hunter	New Mexico	Female	16.996108949416342	2.988446726572529	10.0	Yes
946	932	Barbara	Parker		Female	16.996108949416342	2.0	13.0	No
947	933	Kimberly	Lynch	Texas	Female	18.0	3.0	7.0	No
948	934	Edward	Meyer	Virginia	Male	19.0	2.0	28.0	No
949	937	Gary	Marshall	Minnesota	Male	18.0	4.0	8.0	Yes
950	938	Anthony	Ray	New York	Male	18.0	4.0	4.0	Yes
951	939	Ruby	Castillo	California	Female	19.0	3.0	11.0	No
952	940	Kenneth	Evans	Indiana	Male	15.0	4.0	24.0	Yes
953	941	Nancy	Peters		Female	16.996108949416342	2.988446726572529	6.0	Yes
954	942	Andrea	Sanchez	Florida	Female	16.996108949416342	2.988446726572529	18.011138613861387	Yes
955	943	Joan	Fox	Virginia	Female	15.0	2.0	18.011138613861387	Yes
956	944	Denise	Holmes	District of Columbia	Female	17.0	2.0	7.0	No
957	946	Dennis	Lopez	Georgia	Male	16.996108949416342	2.988446726572529	18.011138613861387	Yes
958	947	Randy	Myers	Delaware	Male	16.996108949416342	2.988446726572529	17.0	Yes
959	949	Susan	Gonzales	California	Female	19.0	3.0	18.011138613861387	Yes
960	950	Diane	Fox	Nebraska	Female	16.996108949416342	2.0	28.0	No
961	951	Billy	Gonzales	South Dakota	Male	16.0	3.0	27.0	No
962	952	Jean	Carr	North Dakota	Female	16.0	2.0	31.0	No
963	953	Jerry	Hanson	Texas	Male	18.0	2.0	18.011138613861387	Yes
964	954	Tammy	Parker	Connecticut	Female	19.0	2.988446726572529	33.0	Yes
965	955	Kathleen	Grant	Louisiana	Female	15.0	2.0	2.0	Yes
966	956	Anthony	Sanders		Male	17.0	4.0	10.0	Yes
967	958	Jacqueline	Day	Illinois	Female	18.0	2.988446726572529	18.011138613861387	Yes
968	959	Wayne	Sanchez	Texas	Male	18.0	4.0	12.0	Yes
969	960	Jerry	Washington	Nevada	Male	16.996108949416342	3.0	30.0	No
970	961	Louise	Brooks	Utah	Female	16.996108949416342	3.0	26.0	No
971	962	Dennis	Schmidt	New York	Male	16.0	2.0	2.0	Yes
972	963	Teresa	Olson	Florida	Female	15.0	4.0	7.0	Yes
973	964	Arthur	Hill		Male	17.0	3.0	8.0	No
974	965	Craig	Rose		Male	16.996108949416342	2.988446726572529	10.0	Yes
975	966	Rachel	Hawkins	Minnesota	Female	16.996108949416342	3.0	20.0	No
976	967	Edward	Warren	Florida	Male	19.0	3.0	15.0	No
977	970	Susan	Nguyen		Female	18.0	2.988446726572529	16.0	Yes
978	971	Michelle	Greene	Oklahoma	Female	16.996108949416342	4.0	8.0	Yes
979	972	Christopher	Stanley	Colorado	Male	16.0	2.0	29.0	No
980	973	Jeffrey	Mason	Georgia	Male	16.996108949416342	4.0	18.011138613861387	Yes
981	975	Jessica	Montgomery	Michigan	Female	18.0	3.0	18.0	No
982	976	Jessica	Wheeler	California	Female	16.996108949416342	2.0	18.011138613861387	Yes
983	978	Wanda	Rivera	New York	Female	18.0	4.0	16.0	Yes
984	980	Ruby	Diaz	Ohio	Female	15.0	4.0	30.0	Yes
985	981	Thomas	Myers	Texas	Male	15.0	3.0	2.0	Yes
986	982	Jane	Sims	Texas	Female	19.0	2.0	25.0	No
987	983	Laura	Nelson		Female	17.0	2.0	18.011138613861387	Yes
988	984	Jessica	Gonzales	Nevada	Female	17.0	3.0	15.0	No
989	985	Ralph	Freeman	California	Male	18.0	3.0	31.0	No
990	986	Jose	Jordan	Connecticut	Male	16.996108949416342	4.0	20.0	Yes
991	987	Andrea	Banks	California	Female	19.0	2.0	11.0	No
992	991	Ruby	King	California	Female	18.0	4.0	14.0	Yes
993	992	Deborah	King	New York	Female	19.0	4.0	31.0	Yes
994	993	Arthur	Green	Oklahoma	Male	16.996108949416342	4.0	20.0	Yes
995	994	Earl	Weaver	Ohio	Male	19.0	2.0	26.0	No
996	996	Frank	Stone	Louisiana	Male	16.0	4.0	25.0	Yes
997	997	Shirley	Garrett	Minnesota	Female	15.0	4.0	18.011138613861387	Yes
998	999	Robin	George	California	Female	19.0	2.988446726572529	18.011138613861387	Yes
999	1000	Martin	Fowler	Texas	Male	18.0	3.0	19.0	No
